{
    "data": [
        {
            "imgCount": 94,
            "movie": "The Shawshank Redemption"
        },
        {
            "imgCount": 3000,
            "movie": "The Dark Knight"
        },
        {
            "imgCount": 609,
            "movie": "Pulp Fiction"
        },
        {
            "imgCount": 6,
            "movie": "Schindlers List"
        },
        {
            "imgCount": 25,
            "movie": "Forrest Gump"
        },
        {
            "imgCount": 701,
            "movie": "Inception"
        },
        {
            "imgCount": 607,
            "movie": "Fight Club"
        },
        {
            "imgCount": 1902,
            "movie": "The Matrix"
        },
        {
            "imgCount": 231,
            "movie": "The Lord of the Rings: The Fellowship of the Ring"
        },
        {
            "imgCount": 1143,
            "movie": "Gladiator"
        },
        {
            "imgCount": 90,
            "movie": "Saving Private Ryan"
        },
        {
            "imgCount": 31,
            "movie": "The Silence of the Lambs"
        },
        {
            "imgCount": 34,
            "movie": "The Green Mile"
        },
        {
            "imgCount": 67,
            "movie": "Goodfellas"
        },
        {
            "imgCount": 1090,
            "movie": "Interstellar"
        },
        {
            "imgCount": 9,
            "movie": "The Godfather: Part II"
        },
        {
            "imgCount": 560,
            "movie": "The Pianist"
        },
        {
            "imgCount": 1834,
            "movie": "The Departed"
        },
        {
            "imgCount": 307,
            "movie": "A Beautiful Mind"
        },
        {
            "imgCount": 3000,
            "movie": "Game of Thrones"
        },
        {
            "imgCount": 2263,
            "movie": "Breaking Bad"
        },
        {
            "imgCount": 1622,
            "movie": "Stranger Things"
        },
        {
            "imgCount": 2998,
            "movie": "The Crown"
        },
        {
            "imgCount": 1748,
            "movie": "Black Mirror"
        },
        {
            "imgCount": 1475,
            "movie": "The Mandalorian"
        },
        {
            "imgCount": 3000,
            "movie": "Friends"
        },
        {
            "imgCount": 2999,
            "movie": "The Witcher"
        },
        {
            "imgCount": 607,
            "movie": "Chernobyl"
        },
        {
            "imgCount": 2,
            "movie": "The Office (U.S.)"
        },
        {
            "imgCount": 13,
            "movie": "The Handmaids Tale"
        },
        {
            "imgCount": 246,
            "movie": "Westworld"
        },
        {
            "imgCount": 266,
            "movie": "Fargo"
        },
        {
            "imgCount": 65,
            "movie": "Narcos"
        },
        {
            "imgCount": 145,
            "movie": "The Queens Gambit"
        },
        {
            "imgCount": 3000,
            "movie": "The Boys"
        },
        {
            "imgCount": 10,
            "movie": "Mindhunter"
        },
        {
            "imgCount": 6,
            "movie": "The Marvelous Mrs. Maisel"
        },
        {
            "imgCount": 475,
            "movie": "Peaky Blinders"
        },
        {
            "imgCount": 399,
            "movie": "Better Call Saul"
        },
        {
            "imgCount": 2,
            "movie": "The Godfather: Part III"
        },
        {
            "imgCount": 47,
            "movie": "The Lord of the Rings: The Two Towers"
        },
        {
            "imgCount": 55,
            "movie": "Se7en"
        },
        {
            "imgCount": 1396,
            "movie": "The Dark Knight Rises"
        },
        {
            "imgCount": 1976,
            "movie": "Casino"
        },
        {
            "imgCount": 2034,
            "movie": "American Beauty"
        },
        {
            "imgCount": 6,
            "movie": "No Country for Old Men"
        },
        {
            "imgCount": 788,
            "movie": "Jurassic Park"
        },
        {
            "imgCount": 2513,
            "movie": "The Wire"
        },
        {
            "imgCount": 217,
            "movie": "The Sopranos"
        },
        {
            "imgCount": 6,
            "movie": "The Grand Budapest Hotel"
        },
        {
            "imgCount": 87,
            "movie": "Eternal Sunshine of the Spotless Mind"
        },
        {
            "imgCount": 94,
            "movie": "Shawshank Redemption"
        },
        {
            "imgCount": 758,
            "movie": "Blade Runner 2049"
        },
        {
            "imgCount": 123,
            "movie": "The Lord of the Rings: The Return of the King"
        },
        {
            "imgCount": 245,
            "movie": "Casablanca"
        },
        {
            "imgCount": 291,
            "movie": "The Big Lebowski"
        },
        {
            "imgCount": 34,
            "movie": "Shutter Island"
        },
        {
            "imgCount": 15,
            "movie": "The Sixth Sense"
        },
        {
            "imgCount": 129,
            "movie": "Memento"
        },
        {
            "imgCount": 9,
            "movie": "The Usual Suspects"
        },
        {
            "imgCount": 104,
            "movie": "Reservoir Dogs"
        },
        {
            "imgCount": 127,
            "movie": "The Good, the Bad and the Ugly"
        },
        {
            "imgCount": 1283,
            "movie": "Sherlock"
        },
        {
            "imgCount": 22,
            "movie": "The West Wing"
        },
        {
            "imgCount": 515,
            "movie": "The X-Files"
        },
        {
            "imgCount": 998,
            "movie": "The Big Bang Theory"
        },
        {
            "imgCount": 2978,
            "movie": "The Simpsons"
        },
        {
            "imgCount": 2873,
            "movie": "The Walking Dead"
        },
        {
            "imgCount": 2517,
            "movie": "Rick and Morty"
        },
        {
            "imgCount": 251,
            "movie": "The Umbrella Academy"
        },
        {
            "imgCount": 584,
            "movie": "The Expanse"
        },
        {
            "imgCount": 21,
            "movie": "The Haunting of Hill House"
        },
        {
            "imgCount": 88,
            "movie": "BoJack Horseman"
        },
        {
            "imgCount": 215,
            "movie": "The Good Place"
        },
        {
            "imgCount": 520,
            "movie": "Mr. Robot"
        },
        {
            "imgCount": 3000,
            "movie": "The Witch"
        },
        {
            "imgCount": 110,
            "movie": "Get Out"
        },
        {
            "imgCount": 1672,
            "movie": "The Shape of Water"
        },
        {
            "imgCount": 395,
            "movie": "The Revenant"
        },
        {
            "imgCount": 987,
            "movie": "Mad Max: Fury Road"
        },
        {
            "imgCount": 176,
            "movie": "Birdman"
        },
        {
            "imgCount": 2991,
            "movie": "Her"
        },
        {
            "imgCount": 2,
            "movie": "12 Years a Slave"
        },
        {
            "imgCount": 3000,
            "movie": "Moonlight"
        },
        {
            "imgCount": 520,
            "movie": "Parasite"
        },
        {
            "imgCount": 1,
            "movie": "The Florida Project"
        },
        {
            "imgCount": 671,
            "movie": "Lady Bird"
        },
        {
            "imgCount": 482,
            "movie": "A Quiet Place"
        },
        {
            "imgCount": 32,
            "movie": "Whiplash"
        },
        {
            "imgCount": 794,
            "movie": "The Martian"
        },
        {
            "imgCount": 78,
            "movie": "A Star Is Born"
        },
        {
            "imgCount": 47,
            "movie": "Bohemian Rhapsody"
        },
        {
            "imgCount": 49,
            "movie": "Once Upon a Time in Hollywood"
        },
        {
            "imgCount": 137,
            "movie": "1917"
        },
        {
            "imgCount": 18,
            "movie": "The Irishman"
        },
        {
            "imgCount": 1400,
            "movie": "Fleabag"
        },
        {
            "imgCount": 1593,
            "movie": "Parks and Recreation"
        },
        {
            "imgCount": 1510,
            "movie": "Firefly"
        },
        {
            "imgCount": 122,
            "movie": "Twin Peaks"
        },
        {
            "imgCount": 3000,
            "movie": "Lost"
        },
        {
            "imgCount": 372,
            "movie": "True Detective"
        },
        {
            "imgCount": 2918,
            "movie": "The Whale"
        },
        {
            "imgCount": 99,
            "movie": "Top Gun: Maverick"
        },
        {
            "imgCount": 146,
            "movie": "Black Panther: Wakanda Forever"
        },
        {
            "imgCount": 192,
            "movie": "Avatar: The Way of Water"
        },
        {
            "imgCount": 722,
            "movie": "Women Talking"
        },
        {
            "imgCount": 12,
            "movie": "Guillermo del Toros Pinocchio"
        },
        {
            "imgCount": 1400,
            "movie": "Navalny"
        },
        {
            "imgCount": 1400,
            "movie": "The Elephant Whisperers"
        },
        {
            "imgCount": 1400,
            "movie": "An Irish Goodbye"
        },
        {
            "imgCount": 16,
            "movie": "The Boy, the Mole, the Fox and the Horse"
        },
        {
            "imgCount": 203,
            "movie": "RRR"
        },
        {
            "imgCount": 22,
            "movie": "CODA"
        },
        {
            "imgCount": 3000,
            "movie": "Dune"
        },
        {
            "imgCount": 12,
            "movie": "The Eyes of Tammy Faye"
        },
        {
            "imgCount": 229,
            "movie": "No Time to Die"
        },
        {
            "imgCount": 5,
            "movie": "The Windshield Wiper"
        },
        {
            "imgCount": 11,
            "movie": "The Long Goodbye"
        },
        {
            "imgCount": 1400,
            "movie": "The Queen of Basketball"
        },
        {
            "imgCount": 16,
            "movie": "Summer of Soul"
        },
        {
            "imgCount": 8,
            "movie": "Drive My Car"
        },
        {
            "imgCount": 101,
            "movie": "Encanto"
        },
        {
            "imgCount": 56,
            "movie": "West Side Story"
        },
        {
            "imgCount": 359,
            "movie": "Belfast"
        },
        {
            "imgCount": 70,
            "movie": "The Power of the Dog"
        },
        {
            "imgCount": 61,
            "movie": "King Richard"
        },
        {
            "imgCount": 101,
            "movie": "Cruella"
        },
        {
            "imgCount": 4,
            "movie": "Nomadland"
        },
        {
            "imgCount": 1400,
            "movie": "The Father"
        },
        {
            "imgCount": 5,
            "movie": "Judas and the Black Messiah"
        },
        {
            "imgCount": 5,
            "movie": "Minari"
        },
        {
            "imgCount": 13,
            "movie": "Mank"
        },
        {
            "imgCount": 578,
            "movie": "Sound of Metal"
        },
        {
            "imgCount": 4,
            "movie": "Ma Raineys Black Bottom"
        },
        {
            "imgCount": 5,
            "movie": "Promising Young Woman"
        },
        {
            "imgCount": 97,
            "movie": "Tenet"
        },
        {
            "imgCount": 2999,
            "movie": "Soul"
        },
        {
            "imgCount": 1,
            "movie": "Another Round"
        },
        {
            "imgCount": 1400,
            "movie": "My Octopus Teacher"
        },
        {
            "imgCount": 43,
            "movie": "Colette"
        },
        {
            "imgCount": 1,
            "movie": "If Anything Happens I Love You"
        },
        {
            "imgCount": 1400,
            "movie": "Two Distant Strangers"
        },
        {
            "imgCount": 18,
            "movie": "Ford v Ferrari"
        },
        {
            "imgCount": 1400,
            "movie": "Learning to Skateboard in a Warzone (If Youre a Girl)"
        },
        {
            "imgCount": 2,
            "movie": "The Neighbors Window"
        },
        {
            "imgCount": 397,
            "movie": "Little Women"
        },
        {
            "imgCount": 1,
            "movie": "Marriage Story"
        },
        {
            "imgCount": 7,
            "movie": "Jojo Rabbit"
        },
        {
            "imgCount": 160,
            "movie": "Toy Story 4"
        },
        {
            "imgCount": 3000,
            "movie": "Joker"
        },
        {
            "imgCount": 708,
            "movie": "Judy"
        },
        {
            "imgCount": 63,
            "movie": "Bombshell"
        },
        {
            "imgCount": 17,
            "movie": "Rocketman"
        },
        {
            "imgCount": 3,
            "movie": "American Factory"
        },
        {
            "imgCount": 2970,
            "movie": "Hair Love"
        },
        {
            "imgCount": 1390,
            "movie": "Green Book"
        },
        {
            "imgCount": 6,
            "movie": "The Salesman"
        },
        {
            "imgCount": 2995,
            "movie": "Sing"
        },
        {
            "imgCount": 1692,
            "movie": "Suicide Squad"
        },
        {
            "imgCount": 1691,
            "movie": "The White Helmets"
        },
        {
            "imgCount": 541,
            "movie": "Zootopia"
        },
        {
            "imgCount": 1813,
            "movie": "Spotlight"
        },
        {
            "imgCount": 3,
            "movie": "Bridge of Spies"
        },
        {
            "imgCount": 467,
            "movie": "The Big Short"
        },
        {
            "imgCount": 7,
            "movie": "The Danish Girl"
        },
        {
            "imgCount": 3000,
            "movie": "Room"
        },
        {
            "imgCount": 96,
            "movie": "The Hateful Eight"
        },
        {
            "imgCount": 196,
            "movie": "Ex Machina"
        },
        {
            "imgCount": 459,
            "movie": "Inside Out"
        },
        {
            "imgCount": 2940,
            "movie": "Amy"
        },
        {
            "imgCount": 25,
            "movie": "Bear Story"
        },
        {
            "imgCount": 1400,
            "movie": "A Girl in the River: The Price of Forgiveness"
        },
        {
            "imgCount": 1400,
            "movie": "Son of Saul"
        },
        {
            "imgCount": 783,
            "movie": "Spectre"
        },
        {
            "imgCount": 3,
            "movie": "Stutterer"
        },
        {
            "imgCount": 1,
            "movie": "Birdman or (The Unexpected Virtue of Ignorance)"
        },
        {
            "imgCount": 3,
            "movie": "The Imitation Game"
        },
        {
            "imgCount": 93,
            "movie": "American Sniper"
        },
        {
            "imgCount": 2,
            "movie": "Boyhood"
        },
        {
            "imgCount": 2,
            "movie": "The Theory of Everything"
        },
        {
            "imgCount": 32,
            "movie": "Ida"
        },
        {
            "imgCount": 67,
            "movie": "Selma"
        },
        {
            "imgCount": 1400,
            "movie": "Citizenfour"
        },
        {
            "imgCount": 492,
            "movie": "Big Hero 6"
        },
        {
            "imgCount": 1400,
            "movie": "Crisis Hotline: Veterans Press 1"
        },
        {
            "imgCount": 719,
            "movie": "The Phone Call"
        },
        {
            "imgCount": 3,
            "movie": "Still Alice"
        },
        {
            "imgCount": 1120,
            "movie": "Feast"
        },
        {
            "imgCount": 1737,
            "movie": "Gravity"
        },
        {
            "imgCount": 1,
            "movie": "Dallas Buyers Club"
        },
        {
            "imgCount": 3000,
            "movie": "Frozen"
        },
        {
            "imgCount": 133,
            "movie": "The Great Gatsby"
        },
        {
            "imgCount": 74,
            "movie": "Blue Jasmine"
        },
        {
            "imgCount": 1400,
            "movie": "Mr. Hublot"
        },
        {
            "imgCount": 1400,
            "movie": "The Lady in Number 6"
        },
        {
            "imgCount": 963,
            "movie": "Helium"
        },
        {
            "imgCount": 2358,
            "movie": "The Great Beauty"
        },
        {
            "imgCount": 1400,
            "movie": "20 Feet from Stardom"
        },
        {
            "imgCount": 316,
            "movie": "Argo"
        },
        {
            "imgCount": 135,
            "movie": "Life of Pi"
        },
        {
            "imgCount": 4,
            "movie": "Les Misérables"
        },
        {
            "imgCount": 3000,
            "movie": "Lincoln"
        },
        {
            "imgCount": 289,
            "movie": "Django Unchained"
        },
        {
            "imgCount": 422,
            "movie": "Skyfall"
        },
        {
            "imgCount": 4,
            "movie": "Silver Linings Playbook"
        },
        {
            "imgCount": 1400,
            "movie": "Zero Dark Thirty"
        },
        {
            "imgCount": 623,
            "movie": "Amour"
        },
        {
            "imgCount": 39,
            "movie": "Anna Karenina"
        },
        {
            "imgCount": 2,
            "movie": "Paperman"
        },
        {
            "imgCount": 2132,
            "movie": "Brave"
        },
        {
            "imgCount": 1400,
            "movie": "Searching for Sugar Man"
        },
        {
            "imgCount": 5,
            "movie": "Inocente"
        },
        {
            "imgCount": 1,
            "movie": "Curfew"
        },
        {
            "imgCount": 3000,
            "movie": "The Artist"
        },
        {
            "imgCount": 476,
            "movie": "Hugo"
        },
        {
            "imgCount": 9,
            "movie": "The Iron Lady"
        },
        {
            "imgCount": 273,
            "movie": "The Descendants"
        },
        {
            "imgCount": 407,
            "movie": "The Girl with the Dragon Tattoo"
        },
        {
            "imgCount": 7,
            "movie": "Midnight in Paris"
        },
        {
            "imgCount": 2035,
            "movie": "Roma"
        },
        {
            "imgCount": 2997,
            "movie": "Black Panther"
        },
        {
            "imgCount": 106,
            "movie": "The Favourite"
        },
        {
            "imgCount": 637,
            "movie": "Vice"
        },
        {
            "imgCount": 3,
            "movie": "BlacKkKlansman"
        },
        {
            "imgCount": 161,
            "movie": "First Man"
        },
        {
            "imgCount": 1,
            "movie": "If Beale Street Could Talk"
        },
        {
            "imgCount": 19,
            "movie": "Bao"
        },
        {
            "imgCount": 1400,
            "movie": "Free Solo"
        },
        {
            "imgCount": 1400,
            "movie": "Period. End of Sentence."
        },
        {
            "imgCount": 2992,
            "movie": "Skin"
        },
        {
            "imgCount": 1339,
            "movie": "Spider-Man: Into the Spider-Verse"
        },
        {
            "imgCount": 135,
            "movie": "Dunkirk"
        },
        {
            "imgCount": 4,
            "movie": "Three Billboards Outside Ebbing, Missouri"
        },
        {
            "imgCount": 22,
            "movie": "Darkest Hour"
        },
        {
            "imgCount": 1068,
            "movie": "Coco"
        },
        {
            "imgCount": 1400,
            "movie": "Phantom Thread"
        },
        {
            "imgCount": 16,
            "movie": "Call Me by Your Name"
        },
        {
            "imgCount": 1400,
            "movie": "I, Tonya"
        },
        {
            "imgCount": 1400,
            "movie": "Dear Basketball"
        },
        {
            "imgCount": 565,
            "movie": "A Fantastic Woman"
        },
        {
            "imgCount": 1400,
            "movie": "Heaven Is a Traffic Jam on the 405"
        },
        {
            "imgCount": 264,
            "movie": "Icarus"
        },
        {
            "imgCount": 8,
            "movie": "The Silent Child"
        },
        {
            "imgCount": 1400,
            "movie": "Flesh and Sand (Carne y arena)"
        },
        {
            "imgCount": 336,
            "movie": "La La Land"
        },
        {
            "imgCount": 24,
            "movie": "Hacksaw Ridge"
        },
        {
            "imgCount": 2,
            "movie": "Manchester by the Sea"
        },
        {
            "imgCount": 1944,
            "movie": "Arrival"
        },
        {
            "imgCount": 2993,
            "movie": "Fences"
        },
        {
            "imgCount": 136,
            "movie": "Fantastic Beasts and Where to Find Them"
        },
        {
            "imgCount": 476,
            "movie": "The Jungle Book"
        },
        {
            "imgCount": 1400,
            "movie": "O.J.: Made in America"
        },
        {
            "imgCount": 1119,
            "movie": "Piper"
        },
        {
            "imgCount": 6,
            "movie": "The Blind Side"
        },
        {
            "imgCount": 1400,
            "movie": "Music by Prudence"
        },
        {
            "imgCount": 216,
            "movie": "The Secret in Their Eyes"
        },
        {
            "imgCount": 2097,
            "movie": "The Cove"
        },
        {
            "imgCount": 1400,
            "movie": "The New Tenants"
        },
        {
            "imgCount": 1400,
            "movie": "Logorama"
        },
        {
            "imgCount": 3,
            "movie": "Slumdog Millionaire"
        },
        {
            "imgCount": 1400,
            "movie": "The Curious Case of Benjamin Button"
        },
        {
            "imgCount": 2854,
            "movie": "Milk"
        },
        {
            "imgCount": 476,
            "movie": "WALL-E"
        },
        {
            "imgCount": 543,
            "movie": "The Reader"
        },
        {
            "imgCount": 78,
            "movie": "The Duchess"
        },
        {
            "imgCount": 1421,
            "movie": "Departures"
        },
        {
            "imgCount": 3,
            "movie": "Vicky Cristina Barcelona"
        },
        {
            "imgCount": 8,
            "movie": "Smile Pinki"
        },
        {
            "imgCount": 328,
            "movie": "Man on Wire"
        },
        {
            "imgCount": 3,
            "movie": "Toyland"
        },
        {
            "imgCount": 1400,
            "movie": "La Maison en Petits Cubes"
        },
        {
            "imgCount": 30,
            "movie": "The Bourne Ultimatum"
        },
        {
            "imgCount": 2998,
            "movie": "There Will Be Blood"
        },
        {
            "imgCount": 7,
            "movie": "La Vie en rose"
        },
        {
            "imgCount": 31,
            "movie": "Atonement"
        },
        {
            "imgCount": 1,
            "movie": "Michael Clayton"
        },
        {
            "imgCount": 134,
            "movie": "Ratatouille"
        },
        {
            "imgCount": 167,
            "movie": "Juno"
        },
        {
            "imgCount": 10,
            "movie": "Sweeney Todd: The Demon Barber of Fleet Street"
        },
        {
            "imgCount": 41,
            "movie": "The Golden Compass"
        },
        {
            "imgCount": 1400,
            "movie": "Elizabeth: The Golden Age"
        },
        {
            "imgCount": 1400,
            "movie": "Taxi to the Dark Side"
        },
        {
            "imgCount": 2997,
            "movie": "Peter & the Wolf"
        },
        {
            "imgCount": 1261,
            "movie": "Once"
        },
        {
            "imgCount": 1400,
            "movie": "Le Mozart des pickpockets"
        },
        {
            "imgCount": 1400,
            "movie": "The Counterfeiters (Die Fälscher)"
        },
        {
            "imgCount": 1400,
            "movie": "Freeheld"
        },
        {
            "imgCount": 1400,
            "movie": "Pans Labyrinth (El laberinto del fauno)"
        },
        {
            "imgCount": 12,
            "movie": "Dreamgirls"
        },
        {
            "imgCount": 14,
            "movie": "Little Miss Sunshine"
        },
        {
            "imgCount": 4,
            "movie": "An Inconvenient Truth"
        },
        {
            "imgCount": 148,
            "movie": "Babel"
        },
        {
            "imgCount": 2997,
            "movie": "The Queen"
        },
        {
            "imgCount": 3,
            "movie": "Letters from Iwo Jima"
        },
        {
            "imgCount": 103,
            "movie": "Pirates of the Caribbean: Dead Mans Chest"
        },
        {
            "imgCount": 1400,
            "movie": "The Danish Poet"
        },
        {
            "imgCount": 275,
            "movie": "Happy Feet"
        },
        {
            "imgCount": 6,
            "movie": "The Last King of Scotland"
        },
        {
            "imgCount": 1400,
            "movie": "The Lives of Others (Das Leben der Anderen)"
        },
        {
            "imgCount": 58,
            "movie": "Marie Antoinette"
        },
        {
            "imgCount": 2500,
            "movie": "The Help"
        },
        {
            "imgCount": 678,
            "movie": "A Separation"
        },
        {
            "imgCount": 1400,
            "movie": "The Fantastic Flying Books of Mr. Morris Lessmore"
        },
        {
            "imgCount": 2999,
            "movie": "The Shore"
        },
        {
            "imgCount": 19,
            "movie": "Undefeated"
        },
        {
            "imgCount": 343,
            "movie": "The Muppets"
        },
        {
            "imgCount": 10,
            "movie": "Saving Face"
        },
        {
            "imgCount": 28,
            "movie": "Beginners"
        },
        {
            "imgCount": 138,
            "movie": "Rango"
        },
        {
            "imgCount": 4,
            "movie": "The Kings Speech"
        },
        {
            "imgCount": 1971,
            "movie": "The Social Network"
        },
        {
            "imgCount": 3000,
            "movie": "The Fighter"
        },
        {
            "imgCount": 236,
            "movie": "Toy Story 3"
        },
        {
            "imgCount": 2368,
            "movie": "Alice in Wonderland"
        },
        {
            "imgCount": 1529,
            "movie": "Black Swan"
        },
        {
            "imgCount": 15,
            "movie": "In a Better World"
        },
        {
            "imgCount": 10,
            "movie": "The Lost Thing"
        },
        {
            "imgCount": 1398,
            "movie": "God of Love"
        },
        {
            "imgCount": 168,
            "movie": "The Wolfman"
        },
        {
            "imgCount": 1,
            "movie": "Strangers No More"
        },
        {
            "imgCount": 1400,
            "movie": "Inside Job"
        },
        {
            "imgCount": 1400,
            "movie": "The Hurt Locker"
        },
        {
            "imgCount": 3000,
            "movie": "Avatar"
        },
        {
            "imgCount": 2926,
            "movie": "Precious"
        },
        {
            "imgCount": 3000,
            "movie": "Up"
        },
        {
            "imgCount": 25,
            "movie": "Crazy Heart"
        },
        {
            "imgCount": 108,
            "movie": "Inglourious Basterds"
        },
        {
            "imgCount": 2999,
            "movie": "Star Trek"
        },
        {
            "imgCount": 24,
            "movie": "The Young Victoria"
        },
        {
            "imgCount": 1400,
            "movie": "The Blood of Yingzhou District"
        },
        {
            "imgCount": 2651,
            "movie": "Crash"
        },
        {
            "imgCount": 5,
            "movie": "Brokeback Mountain"
        },
        {
            "imgCount": 29,
            "movie": "Memoirs of a Geisha"
        },
        {
            "imgCount": 765,
            "movie": "King Kong"
        },
        {
            "imgCount": 2,
            "movie": "Capote"
        },
        {
            "imgCount": 359,
            "movie": "Walk the Line"
        },
        {
            "imgCount": 1400,
            "movie": "The Constant Gardener"
        },
        {
            "imgCount": 33,
            "movie": "The Chronicles of Narnia: The Lion, the Witch and the Wardrobe"
        },
        {
            "imgCount": 721,
            "movie": "Hustle & Flow"
        },
        {
            "imgCount": 1400,
            "movie": "Syriana"
        },
        {
            "imgCount": 2,
            "movie": "March of the Penguins"
        },
        {
            "imgCount": 91,
            "movie": "Six Shooter"
        },
        {
            "imgCount": 1400,
            "movie": "The Moon and the Son: An Imagined Conversation"
        },
        {
            "imgCount": 1400,
            "movie": "A Note of Triumph: The Golden Age of Norman Corwin"
        },
        {
            "imgCount": 1400,
            "movie": "Tsotsi"
        },
        {
            "imgCount": 347,
            "movie": "Wallace & Gromit: The Curse of the Were-Rabbit"
        },
        {
            "imgCount": 58,
            "movie": "Million Dollar Baby"
        },
        {
            "imgCount": 2489,
            "movie": "The Aviator"
        },
        {
            "imgCount": 2998,
            "movie": "Ray"
        },
        {
            "imgCount": 1599,
            "movie": "The Incredibles"
        },
        {
            "imgCount": 5,
            "movie": "Finding Neverland"
        },
        {
            "imgCount": 549,
            "movie": "Sideways"
        },
        {
            "imgCount": 5,
            "movie": "Lemony Snickets A Series of Unfortunate Events"
        },
        {
            "imgCount": 517,
            "movie": "Spider-Man 2"
        },
        {
            "imgCount": 1,
            "movie": "The Motorcycle Diaries"
        },
        {
            "imgCount": 27,
            "movie": "The Sea Inside"
        },
        {
            "imgCount": 1330,
            "movie": "Born into Brothels"
        },
        {
            "imgCount": 1400,
            "movie": "Mighty Times: The Childrens March"
        },
        {
            "imgCount": 2064,
            "movie": "Wasp"
        },
        {
            "imgCount": 2930,
            "movie": "Ryan"
        },
        {
            "imgCount": 5,
            "movie": "Master and Commander: The Far Side of the World"
        },
        {
            "imgCount": 208,
            "movie": "Mystic River"
        },
        {
            "imgCount": 2723,
            "movie": "Cold Mountain"
        },
        {
            "imgCount": 122,
            "movie": "Lost in Translation"
        },
        {
            "imgCount": 432,
            "movie": "Finding Nemo"
        },
        {
            "imgCount": 1400,
            "movie": "The Barbarian Invasions"
        },
        {
            "imgCount": 494,
            "movie": "Two Soldiers"
        },
        {
            "imgCount": 3000,
            "movie": "Monster"
        },
        {
            "imgCount": 1400,
            "movie": "Harvie Krumpet"
        },
        {
            "imgCount": 2,
            "movie": "Chernobyl Heart"
        },
        {
            "imgCount": 170,
            "movie": "The Fog of War"
        },
        {
            "imgCount": 3000,
            "movie": "Chicago"
        },
        {
            "imgCount": 233,
            "movie": "Frida"
        },
        {
            "imgCount": 3000,
            "movie": "The Hours"
        },
        {
            "imgCount": 1,
            "movie": "Road to Perdition"
        },
        {
            "imgCount": 774,
            "movie": "Adaptation"
        },
        {
            "imgCount": 1400,
            "movie": "Talk to Her (Hable con ella)"
        },
        {
            "imgCount": 1400,
            "movie": "This Charming Man (Der Er En Yndig Mand)"
        },
        {
            "imgCount": 813,
            "movie": "Spirited Away"
        },
        {
            "imgCount": 1400,
            "movie": "Nowhere in Africa (Nirgendwo in Afrika)"
        },
        {
            "imgCount": 1400,
            "movie": "The ChubbChubbs!"
        },
        {
            "imgCount": 424,
            "movie": "Twin Towers"
        },
        {
            "imgCount": 1400,
            "movie": "Bowling for Columbine"
        },
        {
            "imgCount": 22,
            "movie": "8 Mile"
        },
        {
            "imgCount": 26,
            "movie": "Moulin Rouge!"
        },
        {
            "imgCount": 4,
            "movie": "Black Hawk Down"
        },
        {
            "imgCount": 1400,
            "movie": "Gosford Park"
        },
        {
            "imgCount": 193,
            "movie": "Monsters, Inc."
        },
        {
            "imgCount": 124,
            "movie": "Pearl Harbor"
        },
        {
            "imgCount": 2749,
            "movie": "Iris"
        },
        {
            "imgCount": 567,
            "movie": "Shrek"
        },
        {
            "imgCount": 1653,
            "movie": "Training Day"
        },
        {
            "imgCount": 45,
            "movie": "Monsters Ball"
        },
        {
            "imgCount": 17,
            "movie": "Thoth"
        },
        {
            "imgCount": 3000,
            "movie": "For the Birds"
        },
        {
            "imgCount": 1625,
            "movie": "No Mans Land"
        },
        {
            "imgCount": 1400,
            "movie": "Murder on a Sunday Morning"
        },
        {
            "imgCount": 719,
            "movie": "The Accountant"
        },
        {
            "imgCount": 16,
            "movie": "Crouching Tiger, Hidden Dragon"
        },
        {
            "imgCount": 2518,
            "movie": "Traffic"
        },
        {
            "imgCount": 1400,
            "movie": "Erin Brockovich"
        },
        {
            "imgCount": 2,
            "movie": "Almost Famous"
        },
        {
            "imgCount": 106,
            "movie": "Wonder Boys"
        },
        {
            "imgCount": 15,
            "movie": "How the Grinch Stole Christmas"
        },
        {
            "imgCount": 2,
            "movie": "U-571"
        },
        {
            "imgCount": 2,
            "movie": "Pollock"
        },
        {
            "imgCount": 623,
            "movie": "Father and Daughter"
        },
        {
            "imgCount": 1400,
            "movie": "Into the Arms of Strangers: Stories of the Kindertransport"
        },
        {
            "imgCount": 1400,
            "movie": "Quiero ser (I want to be...)"
        },
        {
            "imgCount": 7,
            "movie": "Big Mama"
        },
        {
            "imgCount": 1400,
            "movie": "The Cider House Rules"
        },
        {
            "imgCount": 5,
            "movie": "Topsy-Turvy"
        },
        {
            "imgCount": 229,
            "movie": "Sleepy Hollow"
        },
        {
            "imgCount": 4,
            "movie": "Boys Dont Cry"
        },
        {
            "imgCount": 410,
            "movie": "Tarzan"
        },
        {
            "imgCount": 1400,
            "movie": "One Day in September"
        },
        {
            "imgCount": 1400,
            "movie": "The Red Violin (Le violon rouge)"
        },
        {
            "imgCount": 167,
            "movie": "The Old Man and the Sea"
        },
        {
            "imgCount": 1400,
            "movie": "My Mother Dreams the Satans Disciples in New York"
        },
        {
            "imgCount": 1400,
            "movie": "King Gimp"
        },
        {
            "imgCount": 2,
            "movie": "Girl, Interrupted"
        },
        {
            "imgCount": 1400,
            "movie": "All About My Mother (Todo sobre mi madre)"
        },
        {
            "imgCount": 13,
            "movie": "Shakespeare in Love"
        },
        {
            "imgCount": 1400,
            "movie": "Life Is Beautiful (La vita è bella)"
        },
        {
            "imgCount": 2995,
            "movie": "Elizabeth"
        },
        {
            "imgCount": 94,
            "movie": "Gods and Monsters"
        },
        {
            "imgCount": 7,
            "movie": "The Prince of Egypt"
        },
        {
            "imgCount": 22,
            "movie": "Affliction"
        },
        {
            "imgCount": 1,
            "movie": "What Dreams May Come"
        },
        {
            "imgCount": 3000,
            "movie": "The Personals"
        },
        {
            "imgCount": 334,
            "movie": "The Last Days"
        },
        {
            "imgCount": 1400,
            "movie": "Election Night (Valgaften)"
        },
        {
            "imgCount": 3000,
            "movie": "Bunny"
        },
        {
            "imgCount": 3000,
            "movie": "Titanic"
        },
        {
            "imgCount": 18,
            "movie": "Good Will Hunting"
        },
        {
            "imgCount": 2,
            "movie": "L.A. Confidential"
        },
        {
            "imgCount": 44,
            "movie": "As Good as It Gets"
        },
        {
            "imgCount": 2,
            "movie": "The Full Monty"
        },
        {
            "imgCount": 2030,
            "movie": "Men in Black"
        },
        {
            "imgCount": 1400,
            "movie": "Visas and Virtue"
        },
        {
            "imgCount": 1,
            "movie": "Character (Karakter)"
        },
        {
            "imgCount": 1400,
            "movie": "Geris Game"
        },
        {
            "imgCount": 1400,
            "movie": "A Story of Healing"
        },
        {
            "imgCount": 34,
            "movie": "The Long Way Home"
        },
        {
            "imgCount": 1400,
            "movie": "The English Patient"
        },
        {
            "imgCount": 2999,
            "movie": "Shine"
        },
        {
            "imgCount": 4,
            "movie": "Evita"
        },
        {
            "imgCount": 1,
            "movie": "Jerry Maguire"
        },
        {
            "imgCount": 2207,
            "movie": "Independence Day"
        },
        {
            "imgCount": 2990,
            "movie": "Emma"
        },
        {
            "imgCount": 1400,
            "movie": "Sling Blade"
        },
        {
            "imgCount": 1898,
            "movie": "The Ghost and the Darkness"
        },
        {
            "imgCount": 1400,
            "movie": "Kolya"
        },
        {
            "imgCount": 2,
            "movie": "The Nutty Professor"
        },
        {
            "imgCount": 1310,
            "movie": "Quest"
        },
        {
            "imgCount": 1400,
            "movie": "When We Were Kings"
        },
        {
            "imgCount": 1400,
            "movie": "Breathing Lessons: The Life and Work of Mark OBrien"
        },
        {
            "imgCount": 4,
            "movie": "Dear Diary"
        },
        {
            "imgCount": 19,
            "movie": "Braveheart"
        },
        {
            "imgCount": 1,
            "movie": "Apollo 13"
        },
        {
            "imgCount": 177,
            "movie": "Pocahontas"
        },
        {
            "imgCount": 1015,
            "movie": "Restoration"
        },
        {
            "imgCount": 2878,
            "movie": "Babe"
        },
        {
            "imgCount": 1,
            "movie": "Sense and Sensibility"
        },
        {
            "imgCount": 1400,
            "movie": "Il Postino: The Postman"
        },
        {
            "imgCount": 22,
            "movie": "Dead Man Walking"
        },
        {
            "imgCount": 1400,
            "movie": "Leaving Las Vegas"
        },
        {
            "imgCount": 1400,
            "movie": "Mighty Aphrodite"
        },
        {
            "imgCount": 1400,
            "movie": "Anne Frank Remembered"
        },
        {
            "imgCount": 405,
            "movie": "A Close Shave"
        },
        {
            "imgCount": 1400,
            "movie": "Lieberman in Love"
        },
        {
            "imgCount": 1400,
            "movie": "One Survivor Remembers"
        },
        {
            "imgCount": 1400,
            "movie": "Antonias Line (Antonia)"
        },
        {
            "imgCount": 978,
            "movie": "Toy Story"
        },
        {
            "imgCount": 40,
            "movie": "Before Sunrise"
        },
        {
            "imgCount": 1400,
            "movie": "Mona Lisa Descending a Staircase"
        },
        {
            "imgCount": 110,
            "movie": "Terminator 2: Judgment Day"
        },
        {
            "imgCount": 8,
            "movie": "Bugsy"
        },
        {
            "imgCount": 36,
            "movie": "JFK"
        },
        {
            "imgCount": 1705,
            "movie": "Beauty and the Beast"
        },
        {
            "imgCount": 27,
            "movie": "Thelma & Louise"
        },
        {
            "imgCount": 13,
            "movie": "The Fisher King"
        },
        {
            "imgCount": 580,
            "movie": "In the Shadow of the Stars"
        },
        {
            "imgCount": 2996,
            "movie": "Manipulation"
        },
        {
            "imgCount": 37,
            "movie": "Mediterraneo"
        },
        {
            "imgCount": 1,
            "movie": "Session Man"
        },
        {
            "imgCount": 2,
            "movie": "City Slickers"
        },
        {
            "imgCount": 1400,
            "movie": "Deadly Deception: General Electric, Nuclear Weapons and Our Environment"
        },
        {
            "imgCount": 23,
            "movie": "Dances with Wolves"
        },
        {
            "imgCount": 5,
            "movie": "Dick Tracy"
        },
        {
            "imgCount": 3000,
            "movie": "Ghost"
        },
        {
            "imgCount": 4,
            "movie": "The Hunt for Red October"
        },
        {
            "imgCount": 1400,
            "movie": "Reversal of Fortune"
        },
        {
            "imgCount": 1400,
            "movie": "Cyrano de Bergerac"
        },
        {
            "imgCount": 107,
            "movie": "American Dream"
        },
        {
            "imgCount": 1400,
            "movie": "Journey of Hope (Reise der Hoffnung)"
        },
        {
            "imgCount": 1630,
            "movie": "Days of Waiting"
        },
        {
            "imgCount": 2,
            "movie": "Creature Comforts"
        },
        {
            "imgCount": 3,
            "movie": "The Lunch Date"
        },
        {
            "imgCount": 117,
            "movie": "Misery"
        },
        {
            "imgCount": 122,
            "movie": "Total Recall"
        },
        {
            "imgCount": 1,
            "movie": "Driving Miss Daisy"
        },
        {
            "imgCount": 2420,
            "movie": "Glory"
        },
        {
            "imgCount": 369,
            "movie": "Trevor"
        },
        {
            "imgCount": 1400,
            "movie": "The Adventures of Priscilla, Queen of the Desert"
        },
        {
            "imgCount": 1400,
            "movie": "Bobs Birthday"
        },
        {
            "imgCount": 3000,
            "movie": "Blue Sky"
        },
        {
            "imgCount": 6,
            "movie": "Schindlers List"
        },
        {
            "imgCount": 2997,
            "movie": "The Piano"
        },
        {
            "imgCount": 2298,
            "movie": "Philadelphia"
        },
        {
            "imgCount": 11,
            "movie": "The Fugitive"
        },
        {
            "imgCount": 161,
            "movie": "The Age of Innocence"
        },
        {
            "imgCount": 1400,
            "movie": "The Wrong Trousers"
        },
        {
            "imgCount": 1400,
            "movie": "Belle Epoque (The Beautiful Era)"
        },
        {
            "imgCount": 1400,
            "movie": "I Am a Promise: The Children of Stanton Elementary School"
        },
        {
            "imgCount": 1400,
            "movie": "Mrs. Doubtfire"
        },
        {
            "imgCount": 1400,
            "movie": "Black Rider (Schwarzfahrer)"
        },
        {
            "imgCount": 1400,
            "movie": "Defending Our Lives"
        },
        {
            "imgCount": 18,
            "movie": "Unforgiven"
        },
        {
            "imgCount": 2,
            "movie": "Howards End"
        },
        {
            "imgCount": 52,
            "movie": "Bram Stokers Dracula"
        },
        {
            "imgCount": 691,
            "movie": "Aladdin"
        },
        {
            "imgCount": 2233,
            "movie": "The Crying Game"
        },
        {
            "imgCount": 31,
            "movie": "Scent of a Woman"
        },
        {
            "imgCount": 16,
            "movie": "A River Runs Through It"
        },
        {
            "imgCount": 3,
            "movie": "Indochine"
        },
        {
            "imgCount": 1,
            "movie": "My Cousin Vinny"
        },
        {
            "imgCount": 1400,
            "movie": "The Panama Deception"
        },
        {
            "imgCount": 1,
            "movie": "Educating Peter"
        },
        {
            "imgCount": 1,
            "movie": "The Last of the Mohicans"
        },
        {
            "imgCount": 6,
            "movie": "Death Becomes Her"
        },
        {
            "imgCount": 2,
            "movie": "Omnibus"
        },
        {
            "imgCount": 1,
            "movie": "An Officer and a Gentleman"
        },
        {
            "imgCount": 4,
            "movie": "Tootsie"
        },
        {
            "imgCount": 6,
            "movie": "Victor/Victoria"
        },
        {
            "imgCount": 1400,
            "movie": "Sophies Choice"
        },
        {
            "imgCount": 2978,
            "movie": "Missing"
        },
        {
            "imgCount": 7,
            "movie": "If You Love This Planet"
        },
        {
            "imgCount": 1400,
            "movie": "Just Another Missing Kid"
        },
        {
            "imgCount": 1400,
            "movie": "A Shocking Accident"
        },
        {
            "imgCount": 959,
            "movie": "Tango"
        },
        {
            "imgCount": 1400,
            "movie": "To Begin Again (Volver a empezar)"
        },
        {
            "imgCount": 3,
            "movie": "Quest for Fire"
        },
        {
            "imgCount": 1400,
            "movie": "Born on the Fourth of July"
        },
        {
            "imgCount": 1400,
            "movie": "My Left Foot"
        },
        {
            "imgCount": 947,
            "movie": "The Little Mermaid"
        },
        {
            "imgCount": 8,
            "movie": "Dead Poets Society"
        },
        {
            "imgCount": 1222,
            "movie": "The Abyss"
        },
        {
            "imgCount": 19,
            "movie": "Indiana Jones and the Last Crusade"
        },
        {
            "imgCount": 121,
            "movie": "Henry V"
        },
        {
            "imgCount": 1400,
            "movie": "The Johnstown Flood"
        },
        {
            "imgCount": 1400,
            "movie": "Common Threads: Stories from the Quilt"
        },
        {
            "imgCount": 1400,
            "movie": "Cinema Paradiso"
        },
        {
            "imgCount": 1480,
            "movie": "Work Experience"
        },
        {
            "imgCount": 3000,
            "movie": "Batman"
        },
        {
            "imgCount": 2057,
            "movie": "Balance"
        },
        {
            "imgCount": 1092,
            "movie": "Rain Man"
        },
        {
            "imgCount": 1,
            "movie": "Dangerous Liaisons"
        },
        {
            "imgCount": 21,
            "movie": "Who Framed Roger Rabbit"
        },
        {
            "imgCount": 1,
            "movie": "Mississippi Burning"
        },
        {
            "imgCount": 1547,
            "movie": "Working Girl"
        },
        {
            "imgCount": 1400,
            "movie": "The Accidental Tourist"
        },
        {
            "imgCount": 1,
            "movie": "A Fish Called Wanda"
        },
        {
            "imgCount": 1400,
            "movie": "Pelle the Conqueror (Pelle erobreren)"
        },
        {
            "imgCount": 15,
            "movie": "The Accused"
        },
        {
            "imgCount": 1400,
            "movie": "The Appointments of Dennis Jennings"
        },
        {
            "imgCount": 3000,
            "movie": "The Fly"
        },
        {
            "imgCount": 1400,
            "movie": "A Greek Tragedy"
        },
        {
            "imgCount": 1400,
            "movie": "Precious Images"
        },
        {
            "imgCount": 2,
            "movie": "Women – for America, for the World"
        },
        {
            "imgCount": 87,
            "movie": "Out of Africa"
        },
        {
            "imgCount": 344,
            "movie": "Witness"
        },
        {
            "imgCount": 431,
            "movie": "Cocoon"
        },
        {
            "imgCount": 1330,
            "movie": "Prizzis Honor"
        },
        {
            "imgCount": 1069,
            "movie": "Back to the Future"
        },
        {
            "imgCount": 2,
            "movie": "Kiss of the Spider Woman"
        },
        {
            "imgCount": 853,
            "movie": "Ran"
        },
        {
            "imgCount": 13,
            "movie": "Moonstruck"
        },
        {
            "imgCount": 138,
            "movie": "The Untouchables"
        },
        {
            "imgCount": 1400,
            "movie": "Babettes Feast (Babettes gæstebud)"
        },
        {
            "imgCount": 17,
            "movie": "Dirty Dancing"
        },
        {
            "imgCount": 1,
            "movie": "Harry and the Hendersons"
        },
        {
            "imgCount": 28,
            "movie": "Innerspace"
        },
        {
            "imgCount": 1400,
            "movie": "The Man Who Planted Trees (L Homme qui plantait des arbres)"
        },
        {
            "imgCount": 1400,
            "movie": "Rays Male Heterosexual Dance Hall"
        },
        {
            "imgCount": 1400,
            "movie": "The Ten-Year Lunch"
        },
        {
            "imgCount": 1880,
            "movie": "Wall Street"
        },
        {
            "imgCount": 358,
            "movie": "Young at Heart"
        },
        {
            "imgCount": 620,
            "movie": "RoboCop"
        },
        {
            "imgCount": 12,
            "movie": "Platoon"
        },
        {
            "imgCount": 1888,
            "movie": "A Room with a View"
        },
        {
            "imgCount": 1400,
            "movie": "Hannah and Her Sisters"
        },
        {
            "imgCount": 3000,
            "movie": "Aliens"
        },
        {
            "imgCount": 2508,
            "movie": "The Mission"
        },
        {
            "imgCount": 1400,
            "movie": "Children of a Lesser God"
        },
        {
            "imgCount": 778,
            "movie": "The Color of Money"
        },
        {
            "imgCount": 263,
            "movie": "Top Gun"
        },
        {
            "imgCount": 1400,
            "movie": "From Mao to Mozart: Isaac Stern in China"
        },
        {
            "imgCount": 1400,
            "movie": "Karl Hess: Toward Liberty"
        },
        {
            "imgCount": 1400,
            "movie": "Moscow Does Not Believe in Tears"
        },
        {
            "imgCount": 1400,
            "movie": "Kramer vs. Kramer"
        },
        {
            "imgCount": 5,
            "movie": "All That Jazz"
        },
        {
            "imgCount": 22,
            "movie": "Apocalypse Now"
        },
        {
            "imgCount": 1400,
            "movie": "Norma Rae"
        },
        {
            "imgCount": 10,
            "movie": "Breaking Away"
        },
        {
            "imgCount": 3000,
            "movie": "Alien"
        },
        {
            "imgCount": 1615,
            "movie": "Being There"
        },
        {
            "imgCount": 33,
            "movie": "A Little Romance"
        },
        {
            "imgCount": 170,
            "movie": "Best Boy"
        },
        {
            "imgCount": 1400,
            "movie": "Board and Care"
        },
        {
            "imgCount": 3,
            "movie": "Every Child"
        },
        {
            "imgCount": 1400,
            "movie": "Paul Robeson: Tribute to an Artist"
        },
        {
            "imgCount": 1400,
            "movie": "The Tin Drum (Die Blechtrommel)"
        },
        {
            "imgCount": 354,
            "movie": "The Black Stallion"
        },
        {
            "imgCount": 95,
            "movie": "The Deer Hunter"
        },
        {
            "imgCount": 274,
            "movie": "Coming Home"
        },
        {
            "imgCount": 152,
            "movie": "Beetlejuice"
        },
        {
            "imgCount": 2,
            "movie": "Chariots of Fire"
        },
        {
            "imgCount": 17,
            "movie": "Raiders of the Lost Ark"
        },
        {
            "imgCount": 3000,
            "movie": "Reds"
        },
        {
            "imgCount": 304,
            "movie": "On Golden Pond"
        },
        {
            "imgCount": 1939,
            "movie": "Arthur"
        },
        {
            "imgCount": 7,
            "movie": "An American Werewolf in London"
        },
        {
            "imgCount": 674,
            "movie": "Close Harmony"
        },
        {
            "imgCount": 1400,
            "movie": "Crac"
        },
        {
            "imgCount": 247,
            "movie": "Genocide"
        },
        {
            "imgCount": 24,
            "movie": "Mephisto"
        },
        {
            "imgCount": 2999,
            "movie": "Violet"
        },
        {
            "imgCount": 81,
            "movie": "Ordinary People"
        },
        {
            "imgCount": 58,
            "movie": "Tess"
        },
        {
            "imgCount": 10,
            "movie": "Raging Bull"
        },
        {
            "imgCount": 631,
            "movie": "Fame"
        },
        {
            "imgCount": 1400,
            "movie": "Melvin and Howard"
        },
        {
            "imgCount": 3,
            "movie": "Coal Miners Daughter"
        },
        {
            "imgCount": 416,
            "movie": "The Empire Strikes Back"
        },
        {
            "imgCount": 1,
            "movie": "The Dollar Bottom"
        },
        {
            "imgCount": 1400,
            "movie": "The Fly (A Légy)"
        },
        {
            "imgCount": 1,
            "movie": "The Thomas Crown Affair"
        },
        {
            "imgCount": 1400,
            "movie": "War and Peace (Voyna i mir)"
        },
        {
            "imgCount": 2556,
            "movie": "Charly"
        },
        {
            "imgCount": 1400,
            "movie": "Journey into Self"
        },
        {
            "imgCount": 1400,
            "movie": "Robert Kennedy Remembered"
        },
        {
            "imgCount": 1400,
            "movie": "Why Man Creates"
        },
        {
            "imgCount": 1400,
            "movie": "Winnie the Pooh and the Blustery Day"
        },
        {
            "imgCount": 642,
            "movie": "Planet of the Apes"
        },
        {
            "imgCount": 1623,
            "movie": "In the Heat of the Night"
        },
        {
            "imgCount": 115,
            "movie": "Camelot"
        },
        {
            "imgCount": 65,
            "movie": "Bonnie and Clyde"
        },
        {
            "imgCount": 1,
            "movie": "Guess Whos Coming to Dinner"
        },
        {
            "imgCount": 2,
            "movie": "Doctor Dolittle"
        },
        {
            "imgCount": 654,
            "movie": "The Graduate"
        },
        {
            "imgCount": 1400,
            "movie": "Thoroughly Modern Millie"
        },
        {
            "imgCount": 3,
            "movie": "Cool Hand Luke"
        },
        {
            "imgCount": 6,
            "movie": "The Dirty Dozen"
        },
        {
            "imgCount": 794,
            "movie": "A Place to Stand"
        },
        {
            "imgCount": 5,
            "movie": "Black Narcissus"
        },
        {
            "imgCount": 1400,
            "movie": "Black Orpheus (Orfeu Negro)"
        },
        {
            "imgCount": 1529,
            "movie": "The Black Swan"
        },
        {
            "imgCount": 1400,
            "movie": "Blithe Spirit"
        },
        {
            "imgCount": 120,
            "movie": "Blood and Sand"
        },
        {
            "imgCount": 19,
            "movie": "Blood on the Sun"
        },
        {
            "imgCount": 2,
            "movie": "Hello, Dolly!"
        },
        {
            "imgCount": 3000,
            "movie": "Z"
        },
        {
            "imgCount": 1400,
            "movie": "Anne of the Thousand Days"
        },
        {
            "imgCount": 1400,
            "movie": "They Shoot Horses, Dont They?"
        },
        {
            "imgCount": 2514,
            "movie": "Marooned"
        },
        {
            "imgCount": 5,
            "movie": "The Magic Machines"
        },
        {
            "imgCount": 1400,
            "movie": "The Prime of Miss Jean Brodie"
        },
        {
            "imgCount": 19,
            "movie": "True Grit"
        },
        {
            "imgCount": 1400,
            "movie": "Arthur Rubinstein – The Love of Life (Lamour de la vie - Artur Rubinstein)"
        },
        {
            "imgCount": 2257,
            "movie": "Cactus Flower"
        },
        {
            "imgCount": 1400,
            "movie": "Czechoslovakia 1968"
        },
        {
            "imgCount": 1400,
            "movie": "Its Tough to Be a Bird"
        },
        {
            "imgCount": 2260,
            "movie": "Oliver!"
        },
        {
            "imgCount": 143,
            "movie": "The Lion in Winter"
        },
        {
            "imgCount": 77,
            "movie": "Romeo and Juliet"
        },
        {
            "imgCount": 1947,
            "movie": "Funny Girl"
        },
        {
            "imgCount": 206,
            "movie": "2001: A Space Odyssey"
        },
        {
            "imgCount": 343,
            "movie": "Bullitt"
        },
        {
            "imgCount": 2990,
            "movie": "The Producers"
        },
        {
            "imgCount": 2,
            "movie": "Rosemarys Baby"
        },
        {
            "imgCount": 1,
            "movie": "The Subject Was Roses"
        },
        {
            "imgCount": 2,
            "movie": "Cat Ballou"
        },
        {
            "imgCount": 142,
            "movie": "A Patch of Blue"
        },
        {
            "imgCount": 1400,
            "movie": "A Thousand Clowns"
        },
        {
            "imgCount": 1400,
            "movie": "The Shop on Main Street (Obchod na korze)"
        },
        {
            "imgCount": 99,
            "movie": "The Sandpiper"
        },
        {
            "imgCount": 1400,
            "movie": "The Eleanor Roosevelt Story"
        },
        {
            "imgCount": 2461,
            "movie": "To Be Alive!"
        },
        {
            "imgCount": 1400,
            "movie": "7 Faces of Dr. Lao"
        },
        {
            "imgCount": 46,
            "movie": "7th Heaven"
        },
        {
            "imgCount": 5,
            "movie": "20,000 Leagues Under the Sea"
        },
        {
            "imgCount": 1400,
            "movie": "Adventures of Don Juan"
        },
        {
            "imgCount": 85,
            "movie": "The Adventures of Robin Hood"
        },
        {
            "imgCount": 15,
            "movie": "The African Queen"
        },
        {
            "imgCount": 3000,
            "movie": "Air Force"
        },
        {
            "imgCount": 23,
            "movie": "The Alamo"
        },
        {
            "imgCount": 1400,
            "movie": "The Alaskan Eskimo"
        },
        {
            "imgCount": 1,
            "movie": "Albert Schweitzer"
        },
        {
            "imgCount": 1400,
            "movie": "Alexanders Ragtime Band"
        },
        {
            "imgCount": 9,
            "movie": "All About Eve"
        },
        {
            "imgCount": 15,
            "movie": "All Quiet on the Western Front"
        },
        {
            "imgCount": 1400,
            "movie": "All That Money Can Buy"
        },
        {
            "imgCount": 1,
            "movie": "All the Kings Men"
        },
        {
            "imgCount": 2,
            "movie": "All the Presidents Men"
        },
        {
            "imgCount": 4,
            "movie": "All the Way Home"
        },
        {
            "imgCount": 3000,
            "movie": "Bird"
        },
        {
            "imgCount": 1400,
            "movie": "Hôtel Terminus: The Life and Times of Klaus Barbie"
        },
        {
            "imgCount": 1400,
            "movie": "The Milagro Beanfield War"
        },
        {
            "imgCount": 3,
            "movie": "Tin Toy"
        },
        {
            "imgCount": 1400,
            "movie": "You Dont Have to Die"
        },
        {
            "imgCount": 2,
            "movie": "The Last Emperor"
        },
        {
            "imgCount": 1400,
            "movie": "The Official Story (La Historia Oficial)"
        },
        {
            "imgCount": 1400,
            "movie": "The Trip to Bountiful"
        },
        {
            "imgCount": 2999,
            "movie": "White Nights"
        },
        {
            "imgCount": 2988,
            "movie": "Anna & Bella"
        },
        {
            "imgCount": 18,
            "movie": "Broken Rainbow"
        },
        {
            "imgCount": 3000,
            "movie": "Mask"
        },
        {
            "imgCount": 1400,
            "movie": "Mollys Pilgrim"
        },
        {
            "imgCount": 1400,
            "movie": "Witness to War: Dr. Charlie Clements"
        },
        {
            "imgCount": 23,
            "movie": "Amadeus"
        },
        {
            "imgCount": 5,
            "movie": "The Killing Fields"
        },
        {
            "imgCount": 2,
            "movie": "A Passage to India"
        },
        {
            "imgCount": 112,
            "movie": "Places in the Heart"
        },
        {
            "imgCount": 15,
            "movie": "Indiana Jones and the Temple of Doom"
        },
        {
            "imgCount": 1400,
            "movie": "Terms of Endearment"
        },
        {
            "imgCount": 1400,
            "movie": "Fanny and Alexander"
        },
        {
            "imgCount": 202,
            "movie": "Gandhi"
        },
        {
            "imgCount": 3,
            "movie": "Das Boot"
        },
        {
            "imgCount": 1400,
            "movie": "Annie Hall"
        },
        {
            "imgCount": 2,
            "movie": "One Flew Over the Cuckoos Nest"
        },
        {
            "imgCount": 9,
            "movie": "The Godfather Part II"
        },
        {
            "imgCount": 1794,
            "movie": "The Sting"
        },
        {
            "imgCount": 2,
            "movie": "Ama Girls"
        },
        {
            "imgCount": 3000,
            "movie": "America America"
        },
        {
            "imgCount": 27,
            "movie": "An American in Paris"
        },
        {
            "imgCount": 1400,
            "movie": "Dangerous Moves (La Diagonale du fou)"
        },
        {
            "imgCount": 1995,
            "movie": "Purple Rain"
        },
        {
            "imgCount": 1,
            "movie": "The Stone Carvers"
        },
        {
            "imgCount": 1400,
            "movie": "The Times of Harvey Milk"
        },
        {
            "imgCount": 2989,
            "movie": "The Woman in Red"
        },
        {
            "imgCount": 3000,
            "movie": "The River"
        },
        {
            "imgCount": 1400,
            "movie": "The Right Stuff"
        },
        {
            "imgCount": 62,
            "movie": "Fanny & Alexander (Fanny och Alexander)"
        },
        {
            "imgCount": 1,
            "movie": "Tender Mercies"
        },
        {
            "imgCount": 1400,
            "movie": "Yentl"
        },
        {
            "imgCount": 1400,
            "movie": "Flashdance"
        },
        {
            "imgCount": 3000,
            "movie": "Boys and Girls"
        },
        {
            "imgCount": 1400,
            "movie": "Flamenco at 5: 15"
        },
        {
            "imgCount": 1400,
            "movie": "He Makes Me Feel Like Dancin"
        },
        {
            "imgCount": 1400,
            "movie": "Sundae in New York"
        },
        {
            "imgCount": 1400,
            "movie": "The Year of Living Dangerously"
        },
        {
            "imgCount": 233,
            "movie": "Return of the Jedi"
        },
        {
            "imgCount": 4,
            "movie": "E.T.: The Extra-Terrestrial"
        },
        {
            "imgCount": 1400,
            "movie": "The Anderson Platoon (La Section Anderson)"
        },
        {
            "imgCount": 2997,
            "movie": "The Box"
        },
        {
            "imgCount": 1400,
            "movie": "Closely Watched Trains (Ostre sledované vlaky)"
        },
        {
            "imgCount": 1255,
            "movie": "The Redwoods"
        },
        {
            "imgCount": 1,
            "movie": "A Man for All Seasons"
        },
        {
            "imgCount": 1400,
            "movie": "Whos Afraid of Virginia Woolf?"
        },
        {
            "imgCount": 2425,
            "movie": "Grand Prix"
        },
        {
            "imgCount": 6,
            "movie": "Fantastic Voyage"
        },
        {
            "imgCount": 2976,
            "movie": "A Man and a Woman"
        },
        {
            "imgCount": 1400,
            "movie": "Born Free"
        },
        {
            "imgCount": 5,
            "movie": "The Fortune Cookie"
        },
        {
            "imgCount": 1400,
            "movie": "A Funny Thing Happened on the Way to the Forum"
        },
        {
            "imgCount": 1400,
            "movie": "A Herb Alpert and the Tijuana Brass Double Feature"
        },
        {
            "imgCount": 3000,
            "movie": "The War Game"
        },
        {
            "imgCount": 1692,
            "movie": "Wild Wings"
        },
        {
            "imgCount": 1400,
            "movie": "A Year Toward Tomorrow"
        },
        {
            "imgCount": 2029,
            "movie": "The Sound of Music"
        },
        {
            "imgCount": 6,
            "movie": "Doctor Zhivago"
        },
        {
            "imgCount": 2995,
            "movie": "Darling"
        },
        {
            "imgCount": 4,
            "movie": "Ship of Fools"
        },
        {
            "imgCount": 1400,
            "movie": "Anna and the King of Siam"
        },
        {
            "imgCount": 1,
            "movie": "Annie Get Your Gun"
        },
        {
            "imgCount": 1400,
            "movie": "Anthony Adverse"
        },
        {
            "imgCount": 2227,
            "movie": "The Apartment"
        },
        {
            "imgCount": 1400,
            "movie": "Aquatic House Party"
        },
        {
            "imgCount": 1400,
            "movie": "Arise, My Love"
        },
        {
            "imgCount": 2,
            "movie": "Around the World in 80 Days"
        },
        {
            "imgCount": 8,
            "movie": "The Awful Truth"
        }
    ]
}